TYPE OF REGISTER,DATE OF EXCHANGE,BDI CODE,PAPER NEGOTIATION CODE,TYPE OF MARKET,ABBREVIATED NAME OF THE COMPANY,PAPER SPECIFICATION,FORWARD MARKET TERM IN DAYS,REFERENCE CURRENCY,MARKET PAPER OPENING FLOOR PRICE,MARKET PAPER HIGHEST FLOOR PRICE,MARKET PAPER LOWEST FLOOR PRICE,MARKET PAPER AVERAGE FLOOR PRICE,MARKET PAPER LAST NEGOTIATED PRICE,MARKET PAPER BEST PURCHASE OFFER PRICE,MARKET PAPER BEST SALES OFFER PRICE,NUMBER OF TRADES CONDUCTED WITH THE MARKET PAPER,TOTAL QUANTITY OF TITLES TRADED WITH THIS MARKET PAPER,TOTAL VOLUME OF TITLES NEGOTIATED WITH THIS MARKET PAPER,STRIKE PRICE FOR THE OPTIONS MARKET OR CONTRACT AMOUNT FOR THE SECONDARY FORWARD MARKET,STRIKE PRICE OR CONTRACT AMOUNT FOR OPTIONS OR SECONDARY FORWARD MARKETS CORRECTION INDICATOR,MATURITY DATE FOR OPTIONS OR SECONDARY FORWARD MARKET,PAPER QUOTATION FACTOR,STRIKE PRICE IN POINTS FOR OPTIONS REFERENCED IN US DOLLARS OR CONTRACT AMOUNT IN POINTS FOR SECONDARY FORWARD,PAPER CODE IN THE IS IN SYSTEM OR PAPER INTERNAL CODE,PAPER DISTRIBUTION NUMBER
1,2017-11-24,2,AALR3,10,ALLIAR,ON,,R$,15.7,15.95,15.58,15.83,15.95,15.95,16.0,308,145500,2303562.0,0.0,0,9999-12-31,1,0.0,BRAALRACNOR6,100
1,2017-11-24,2,ABCB4,10,ABC BRASIL,PN,,R$,16.83,16.83,16.5,16.57,16.6,16.55,16.6,1251,745000,12347623.0,0.0,0,9999-12-31,1,0.0,BRABCBACNPR4,128
1,2017-11-24,2,ABEV3,10,AMBEV S/A,ON,,R$,20.66,20.74,20.52,20.66,20.62,20.62,20.66,10651,4749100,98118316.0,0.0,0,9999-12-31,1,0.0,BRABEVACNOR1,117
1,2017-11-24,2,ADHM3,10,ADVANCED-DH,ON,,R$,2.06,2.06,2.0,2.05,2.06,2.0,2.06,8,12600,25866.0,0.0,0,9999-12-31,1,0.0,BRADHMACNOR9,101
1,2017-11-24,2,AELP3,10,AES ELPA,ON,,R$,5.06,5.07,5.05,5.05,5.05,4.05,5.05,9,7800,39398.0,0.0,0,9999-12-31,1,0.0,BRAELPACNOR2,124
1,2017-11-24,2,AGRO3,10,BRASILAGRO,ON,,R$,12.14,12.14,11.98,12.05,12.13,12.0,12.13,99,25800,310919.0,0.0,0,9999-12-31,1,0.0,BRAGROACNOR7,107
1,2017-11-24,2,ALPA3,10,ALPARGATAS,ON,,R$,16.27,16.5,15.4,15.84,15.95,15.47,15.96,18,3300,52300.0,0.0,0,9999-12-31,1,0.0,BRALPAACNOR0,223
1,2017-11-24,2,ALPA4,10,ALPARGATAS,PN,,R$,17.51,17.55,17.05,17.19,17.2,17.1,17.2,633,1228700,21132728.0,0.0,0,9999-12-31,1,0.0,BRALPAACNPR7,223
1,2017-11-24,2,ALSC3,10,ALIANSCE,ON,,R$,17.27,17.59,17.22,17.43,17.59,17.36,17.59,1091,214800,3745739.0,0.0,0,9999-12-31,1,0.0,BRALSCACNOR0,110
1,2017-11-24,2,ALUP3,10,ALUPAR,ON,,R$,5.91,6.1,5.91,6.0,6.1,5.72,6.13,2,200,1201.0,0.0,0,9999-12-31,1,0.0,BRALUPACNOR8,106
1,2017-11-24,2,ALUP4,10,ALUPAR,PN,,R$,5.71,6.08,5.71,5.89,6.08,5.73,6.06,2,400,2358.0,0.0,0,9999-12-31,1,0.0,BRALUPACNPR5,106
1,2017-11-24,2,AMAR3,10,LOJAS MARISA,ON,,R$,7.05,7.73,7.02,7.44,7.73,7.71,7.73,2543,1077600,8017533.0,0.0,0,9999-12-31,1,0.0,BRAMARACNOR4,112
1,2017-11-24,2,ANIM3,10,ANIMA,ON,,R$,23.9,24.85,23.9,24.36,24.8,24.44,24.8,997,298600,7275787.0,0.0,0,9999-12-31,1,0.0,BRANIMACNOR6,104
1,2017-11-24,2,ARZZ3,10,AREZZO CO,ON,,R$,48.66,49.41,47.69,48.26,48.0,48.0,48.01,1261,278500,13440634.0,0.0,0,9999-12-31,1,0.0,BRARZZACNOR3,126
1,2017-11-24,2,ATOM3,10,ATOMPAR,ON,,R$,4.6,5.05,3.96,4.56,3.98,3.98,3.99,2781,2843900,12987908.0,0.0,0,9999-12-31,1,0.0,BRATOMACNOR1,102
1,2017-11-24,2,AZEV4,10,AZEVEDO,PN,,R$,1.07,1.08,1.07,1.07,1.08,1.03,1.07,2,1000,1078.0,0.0,0,9999-12-31,1,0.0,BRAZEVACNPR7,116
1,2017-11-24,2,AZUL4,10,AZUL,PN,,R$,28.04,28.2,27.76,27.95,28.09,27.81,28.09,1521,287000,8024038.0,0.0,0,9999-12-31,1,0.0,BRAZULACNPR4,100
1,2017-11-24,2,BAUH4,10,EXCELSIOR,PN,,R$,13.29,13.29,12.2,12.97,12.2,12.16,12.5,13,5200,67484.0,0.0,0,9999-12-31,1,0.0,BRBAUHACNPR3,112
1,2017-11-24,2,BBAS3,10,BRASIL,ON,,R$,32.74,32.75,32.31,32.55,32.6,32.6,32.61,13956,5439100,177087211.0,0.0,0,9999-12-31,1,0.0,BRBBASACNOR3,272
1,2017-11-24,2,BBDC3,10,BRADESCO,ON,,R$,31.3,31.46,31.0,31.1,31.0,31.0,31.11,3191,718300,22345683.0,0.0,0,9999-12-31,1,0.0,BRBBDCACNOR1,671
1,2017-11-24,2,BBDC4,10,BRADESCO,PN,,R$,33.75,33.86,33.45,33.53,33.45,33.45,33.5,12800,4223700,141635207.0,0.0,0,9999-12-31,1,0.0,BRBBDCACNPR8,671
1,2017-11-24,2,BBRK3,10,BR BROKERS,ON,,R$,1.03,1.04,1.02,1.02,1.03,1.02,1.03,143,379100,390198.0,0.0,0,9999-12-31,1,0.0,BRBBRKACNOR4,111
1,2017-11-24,2,BBSE3,10,BBSEGURIDADE,ON,,R$,27.46,27.46,27.11,27.2,27.15,27.15,27.2,6678,1570900,42739974.0,0.0,0,9999-12-31,1,0.0,BRBBSEACNOR5,109
1,2017-11-24,2,BEEF3,10,MINERVA,ON,,R$,11.57,11.58,11.33,11.39,11.35,11.35,11.38,1908,458800,5227173.0,0.0,0,9999-12-31,1,0.0,BRBEEFACNOR6,107
1,2017-11-24,2,BEES3,10,BANESTES,ON,,R$,3.67,3.69,3.65,3.65,3.68,3.67,3.69,11,10800,39451.0,0.0,0,9999-12-31,1,0.0,BRBEESACNOR9,302
1,2017-11-24,2,BEES4,10,BANESTES,PN,,R$,3.73,3.73,3.73,3.73,3.73,3.64,3.74,1,200,746.0,0.0,0,9999-12-31,1,0.0,BRBEESACNPR6,227
1,2017-11-24,2,BGIP4,10,BANESE,PN,,R$,33.79,33.85,33.78,33.79,33.85,33.7,34.0,7,9700,327839.0,0.0,0,9999-12-31,1,0.0,BRBGIPACNPR8,193
1,2017-11-24,2,BIOM3,10,BIOMM,ON,,R$,10.83,10.83,10.8,10.82,10.8,10.01,10.8,3,2300,24900.0,0.0,0,9999-12-31,1,0.0,BRBIOMACNOR2,105
1,2017-11-24,2,BMEB3,10,MERC BRASIL,ON,,R$,5.3,5.35,5.25,5.32,5.34,5.2,5.35,10,13800,73546.0,0.0,0,9999-12-31,1,0.0,BRBMEBACNOR8,194
1,2017-11-24,2,BMEB4,10,MERC BRASIL,PN,,R$,4.79,4.79,4.7,4.76,4.7,4.7,4.77,9,29500,140660.0,0.0,0,9999-12-31,1,0.0,BRBMEBACNPR5,198
1,2017-11-24,2,BMIN3,10,MERC INVEST,ON,,R$,74.99,74.99,74.99,74.99,74.99,25.0,75.0,1,1600,119984.0,0.0,0,9999-12-31,1,0.0,BRBMINACNOR4,166
1,2017-11-24,2,BOBR4,10,BOMBRIL,PN,,R$,5.0,5.11,4.92,4.97,5.08,4.97,5.08,45,93900,467573.0,0.0,0,9999-12-31,1,0.0,BRBOBRACNPR3,128
1,2017-11-24,2,BPAN4,10,BANCO PAN,PN,,R$,1.91,1.91,1.86,1.87,1.88,1.86,1.88,43,198300,370929.0,0.0,0,9999-12-31,1,0.0,BRBPANACNPR1,105
1,2017-11-24,2,BPHA3,10,BR PHARMA,ON,,R$,4.55,4.64,4.55,4.58,4.55,4.55,4.62,18,6400,29323.0,0.0,0,9999-12-31,1,0.0,BRBPHAACNOR6,105
1,2017-11-24,2,BRAP3,10,BRADESPAR,ON,,R$,21.71,22.2,21.71,22.03,21.95,21.8,22.1,64,18200,400994.0,0.0,0,9999-12-31,1,0.0,BRBRAPACNOR5,131
1,2017-11-24,2,BRAP4,10,BRADESPAR,PN,,R$,25.72,25.96,25.53,25.73,25.91,25.72,25.91,3721,1586500,40830931.0,0.0,0,9999-12-31,1,0.0,BRBRAPACNPR2,131
1,2017-11-24,2,BRFS3,10,BRF SA,ON,,R$,41.26,41.4,40.35,40.68,40.37,40.36,40.4,7229,1415800,57602115.0,0.0,0,9999-12-31,1,0.0,BRBRFSACNOR8,117
1,2017-11-24,2,BRGE12,10,ALFA CONSORC,PN,,R$,2.8,2.8,2.55,2.71,2.61,2.61,4.0,50,6100,16552.0,0.0,0,9999-12-31,1,0.0,BRBRGEACNPF8,94
1,2017-11-24,2,BRIN3,10,BR INSURANCE,ON,,R$,13.75,13.8,11.47,12.7,11.84,11.84,11.99,381,131200,1667252.0,0.0,0,9999-12-31,1,0.0,BRBRINACNOR3,111
1,2017-11-24,2,BRIV3,10,ALFA INVEST,ON,,R$,5.8,5.8,5.8,5.8,5.8,5.6,5.8,1,100,580.0,0.0,0,9999-12-31,1,0.0,BRBRIVACNOR6,205
1,2017-11-24,2,BRIV4,10,ALFA INVEST,PN,,R$,6.53,6.53,6.37,6.41,6.37,6.36,6.65,23,125300,803923.0,0.0,0,9999-12-31,1,0.0,BRBRIVACNPR3,205
1,2017-11-24,2,BRKM3,10,BRASKEM,ON,,R$,47.89,48.0,47.89,47.89,48.0,47.9,48.0,2,40100,1920400.0,0.0,0,9999-12-31,1,0.0,BRBRKMACNOR1,114
1,2017-11-24,2,BRKM5,10,BRASKEM,PN,,R$,47.27,48.8,46.83,48.17,48.2,48.2,48.5,6438,1241900,59832548.0,0.0,0,9999-12-31,1,0.0,BRBRKMACNPA4,114
1,2017-11-24,2,BRML3,10,BR MALLS PAR,ON,,R$,12.51,12.83,12.4,12.8,12.61,12.61,12.62,11029,23436700,299994795.0,0.0,0,9999-12-31,1,0.0,BRBRMLACNOR9,110
1,2017-11-24,2,BRPR3,10,BR PROPERT,ON,,R$,10.99,11.13,10.82,10.94,11.0,11.0,11.03,1238,336200,3679687.0,0.0,0,9999-12-31,1,0.0,BRBRPRACNOR9,117
1,2017-11-24,2,BRSR3,10,BANRISUL,ON,,R$,26.9,26.99,26.88,26.9,26.99,24.55,26.99,8,10900,293226.0,0.0,0,9999-12-31,1,0.0,BRBRSRACNOR3,151
1,2017-11-24,2,BRSR5,10,BANRISUL,PN,,R$,26.93,26.93,24.51,26.89,25.51,25.5,26.93,4,10300,276995.0,0.0,0,9999-12-31,1,0.0,BRBRSRACNPA6,155
1,2017-11-24,2,BRSR6,10,BANRISUL,PN,,R$,14.61,14.89,14.46,14.59,14.89,14.8,14.89,1484,759600,11083683.0,0.0,0,9999-12-31,1,0.0,BRBRSRACNPB4,154
1,2017-11-24,2,BSEV3,10,BIOSEV,ON,,R$,4.85,4.86,4.84,4.84,4.84,4.84,4.85,13,5900,28609.0,0.0,0,9999-12-31,1,0.0,BRBSEVACNOR3,101
1,2017-11-24,2,BTOW3,10,B2W DIGITAL,ON,,R$,17.78,18.21,17.32,17.7,17.42,17.42,17.44,6269,2038300,36080622.0,0.0,0,9999-12-31,1,0.0,BRBTOWACNOR8,109
1,2017-11-24,2,BTTL3,10,BATTISTELLA,ON,,R$,4.79,4.79,4.79,4.79,4.79,4.4,4.73,1,5000,23950.0,0.0,0,9999-12-31,1,0.0,BRBTTLACNOR0,108
1,2017-11-24,2,BTTL4,10,BATTISTELLA,PN,,R$,4.69,4.69,4.69,4.69,4.69,4.51,4.7,1,5000,23450.0,0.0,0,9999-12-31,1,0.0,BRBTTLACNPR7,108
1,2017-11-24,2,BVMF3,10,BMFBOVESPA,ON,,R$,24.43,24.43,24.11,24.23,24.3,24.28,24.3,10275,3368700,81639373.0,0.0,0,9999-12-31,1,0.0,BRBVMFACNOR3,143
1,2017-11-24,2,CAML3,10,CAMIL,ON,,R$,8.76,8.76,8.51,8.62,8.52,8.51,8.56,1640,737200,6359752.0,0.0,0,9999-12-31,1,0.0,BRCAMLACNOR3,100
1,2017-11-24,2,CARD3,10,CSU CARDSYST,ON,,R$,10.41,10.41,10.02,10.19,10.3,10.22,10.37,226,63600,648683.0,0.0,0,9999-12-31,1,0.0,BRCARDACNOR9,110
1,2017-11-24,2,CCRO3,10,CCR SA,ON,,R$,16.8,16.93,16.55,16.74,16.65,16.62,16.65,6363,2827500,47358671.0,0.0,0,9999-12-31,1,0.0,BRCCROACNOR2,132
1,2017-11-24,2,CCXC3,10,CCX CARVAO,ON,,R$,0.89,0.9,0.83,0.87,0.89,0.87,0.89,49,136600,119402.0,0.0,0,9999-12-31,1,0.0,BRCCXCACNOR5,102
1,2017-11-24,2,CEBR5,10,CEB,PN,,R$,31.0,31.0,31.0,31.0,31.0,22.0,31.0,2,200,6200.0,0.0,0,9999-12-31,1,0.0,BRCEBRACNPA8,114
1,2017-11-24,2,CEDO3,10,CEDRO,ON,,R$,6.91,6.91,6.91,6.91,6.91,6.95,15.0,1,1000,6910.0,0.0,0,9999-12-31,1,0.0,BRCEDOACNOR8,96
1,2017-11-24,2,CEDO4,10,CEDRO,PN,,R$,5.34,5.45,5.2,5.33,5.35,5.1,5.45,4,1800,9610.0,0.0,0,9999-12-31,1,0.0,BRCEDOACNPR5,128
1,2017-11-24,2,CEED3,10,CEEE-D,ON,,R$,27.82,28.0,27.8,27.84,27.8,27.8,28.5,7,1400,38988.0,0.0,0,9999-12-31,1,0.0,BRCEEDACNOR9,102
1,2017-11-24,2,CELP3,10,CELPA,ON,,R$,1.83,1.89,1.82,1.82,1.89,1.86,1.89,3,4200,7659.0,0.0,0,9999-12-31,1,0.0,BRCELPACNOR8,115
1,2017-11-24,2,CELP5,10,CELPA,PN,,R$,1.88,1.9,1.88,1.88,1.9,1.9,2.16,2,40200,75580.0,0.0,0,9999-12-31,1,0.0,BRCELPACNPA1,117
1,2017-11-24,2,CELP7,10,CELPA,PN,,R$,1.8,1.8,1.8,1.8,1.8,1.0,2.25,1,40000,72000.0,0.0,0,9999-12-31,1,0.0,BRCELPACNPC7,117
1,2017-11-24,2,CESP3,10,CESP,ON,,R$,11.2,11.37,11.2,11.21,11.24,11.14,11.21,16,10000,112144.0,0.0,0,9999-12-31,1,0.0,BRCESPACNOR3,166
1,2017-11-24,2,CESP5,10,CESP,PN,,R$,18.0,19.0,18.0,18.06,19.0,18.0,19.3,3,1600,28900.0,0.0,0,9999-12-31,1,0.0,BRCESPACNPA6,113
1,2017-11-24,2,CESP6,10,CESP,PN,,R$,13.0,13.22,12.9,13.01,13.14,13.03,13.14,2700,913400,11887266.0,0.0,0,9999-12-31,1,0.0,BRCESPACNPB4,125
1,2017-11-24,2,CGAS3,10,COMGAS,ON,,R$,51.72,51.73,50.63,51.58,51.49,49.51,51.49,10,7400,381703.0,0.0,0,9999-12-31,1,0.0,BRCGASACNOR0,143
1,2017-11-24,2,CGAS5,10,COMGAS,PN,,R$,52.93,54.1,51.75,53.11,54.1,54.1,54.18,595,120400,6395428.0,0.0,0,9999-12-31,1,0.0,BRCGASACNPA3,140
1,2017-11-24,2,CGRA4,10,GRAZZIOTIN,PN,,R$,26.4,26.89,26.4,26.54,26.47,26.47,26.65,20,8300,220355.0,0.0,0,9999-12-31,1,0.0,BRCGRAACNPR9,67
1,2017-11-24,2,CIEL3,10,CIELO,ON,,R$,23.44,23.44,23.05,23.15,23.06,23.06,23.12,8801,2089900,48399802.0,0.0,0,9999-12-31,1,0.0,BRCIELACNOR3,126
1,2017-11-24,2,CLSC4,10,CELESC,PN,,R$,19.58,19.99,19.56,19.68,19.99,19.57,19.99,23,17500,344523.0,0.0,0,9999-12-31,1,0.0,BRCLSCACNPR3,111
1,2017-11-24,2,CMIG3,10,CEMIG,ON,,R$,6.9,6.91,6.73,6.8,6.78,6.73,6.79,479,456500,3105290.0,0.0,0,9999-12-31,1,0.0,BRCMIGACNOR6,219
1,2017-11-24,2,CMIG4,10,CEMIG,PN,,R$,7.15,7.19,6.9,7.01,6.9,6.9,6.93,9037,9054700,63526673.0,0.0,0,9999-12-31,1,0.0,BRCMIGACNPR3,220
1,2017-11-24,2,COCE5,10,COELCE,PN,,R$,53.4,53.63,52.96,53.33,53.1,53.1,54.5,25,4200,224001.0,0.0,0,9999-12-31,1,0.0,BRCOCEACNPA3,137
1,2017-11-24,2,CPFE3,10,CPFL ENERGIA,ON,,R$,27.63,27.64,27.47,27.57,27.58,27.55,27.58,1636,1705100,47014884.0,0.0,0,9999-12-31,1,0.0,BRCPFEACNOR0,127
1,2017-11-24,2,CPLE3,10,COPEL,ON,,R$,21.57,21.6,20.73,21.23,20.9,20.9,21.03,202,58400,1239998.0,0.0,0,9999-12-31,1,0.0,BRCPLEACNOR8,134
1,2017-11-24,2,CPLE6,10,COPEL,PN,,R$,25.38,25.62,24.63,25.1,24.83,24.83,24.89,4159,1200000,30128140.0,0.0,0,9999-12-31,1,0.0,BRCPLEACNPB9,131
1,2017-11-24,2,CPRE3,10,CPFL RENOVAV,ON,,R$,13.98,13.98,13.7,13.87,13.95,13.61,13.95,10,10900,151255.0,0.0,0,9999-12-31,1,0.0,BRCPREACNOR5,100
1,2017-11-24,2,CRDE3,10,CR2,ON,,R$,1.49,1.49,1.49,1.49,1.49,1.43,1.49,2,3000,4470.0,0.0,0,9999-12-31,1,0.0,BRCRDEACNOR1,109
1,2017-11-24,2,CREM3,10,CREMER,ON,,R$,9.41,9.41,9.4,9.4,9.4,0.0,9.9,3,800,7521.0,0.0,0,9999-12-31,1,0.0,BRCREMACNOR2,176
1,2017-11-24,2,CRFB3,10,CARREFOUR BR,ON,,R$,15.12,15.37,14.72,15.17,15.11,15.11,15.17,6138,1921600,29159922.0,0.0,0,9999-12-31,1,0.0,BRCRFBACNOR2,100
1,2017-11-24,2,CRIV3,10,ALFA FINANC,ON,,R$,3.26,3.26,3.26,3.26,3.26,3.26,3.48,4,3800,12388.0,0.0,0,9999-12-31,1,0.0,BRCRIVACNOR4,190
1,2017-11-24,2,CRIV4,10,ALFA FINANC,PN,,R$,4.69,4.69,4.69,4.69,4.69,4.61,4.7,4,500,2345.0,0.0,0,9999-12-31,1,0.0,BRCRIVACNPR1,198
1,2017-11-24,2,CRPG5,10,CRISTAL,PN,,R$,17.3,17.39,17.3,17.32,17.38,17.26,17.37,8,1400,24257.0,0.0,0,9999-12-31,1,0.0,BRCRPGACNPA3,101
1,2017-11-24,2,CRPG6,10,CRISTAL,PN,,R$,16.69,16.8,16.69,16.7,16.8,16.51,16.9,3,1100,18379.0,0.0,0,9999-12-31,1,0.0,BRCRPGACNPB1,101
1,2017-11-24,2,CSAN3,10,COSAN,ON,,R$,36.81,37.0,36.49,36.74,36.51,36.51,36.6,3398,568000,20873931.0,0.0,0,9999-12-31,1,0.0,BRCSANACNOR6,117
1,2017-11-24,2,CSMG3,10,COPASA,ON,,R$,42.92,42.92,42.33,42.56,42.8,42.58,42.8,1325,196600,8368003.0,0.0,0,9999-12-31,1,0.0,BRCSMGACNOR5,145
1,2017-11-24,2,CSNA3,10,SID NACIONAL,ON,,R$,8.1,8.23,7.88,8.05,7.93,7.93,7.94,9458,7958400,64071489.0,0.0,0,9999-12-31,1,0.0,BRCSNAACNOR6,248
1,2017-11-24,2,CTAX3,10,CONTAX,ON,,R$,4.59,4.6,4.28,4.38,4.28,4.28,4.5,58,30400,133224.0,0.0,0,9999-12-31,1,0.0,BRCTAXACNOR3,118
1,2017-11-24,2,CTKA3,10,KARSTEN,ON,,R$,4.75,4.75,4.75,4.75,4.75,4.0,4.8,1,2000,9500.0,0.0,0,9999-12-31,1,0.0,BRCTKAACNOR0,43
1,2017-11-24,2,CTKA4,10,KARSTEN,PN,,R$,3.2,3.36,3.03,3.35,3.28,3.06,3.2,6,18900,63319.0,0.0,0,9999-12-31,1,0.0,BRCTKAACNPR7,43
1,2017-11-24,2,CTNM4,10,COTEMINAS,PN,,R$,6.2,6.2,6.05,6.1,6.13,6.0,6.13,9,3200,19548.0,0.0,0,9999-12-31,1,0.0,BRCTNMACNPR6,129
1,2017-11-24,2,CTSA3,10,SANTANENSE,ON,,R$,3.52,3.52,3.4,3.48,3.4,3.3,3.53,10,12500,43620.0,0.0,0,9999-12-31,1,0.0,BRCTSAACNOR3,54
1,2017-11-24,2,CVCB3,10,CVC BRASIL,ON,,R$,46.15,46.73,45.68,46.36,46.65,46.63,46.65,2391,396300,18373050.0,0.0,0,9999-12-31,1,0.0,BRCVCBACNOR1,107
1,2017-11-24,2,CYRE3,10,CYRELA REALT,ON,,R$,12.6,12.99,12.54,12.71,12.91,12.86,12.91,3847,2297100,29196717.0,0.0,0,9999-12-31,1,0.0,BRCYREACNOR7,129
1,2017-11-24,2,DASA3,10,DASA,ON,,R$,27.0,27.0,27.0,27.0,27.0,27.01,29.0,4,800,21600.0,0.0,0,9999-12-31,1,0.0,BRDASAACNOR1,114
1,2017-11-24,2,DIRR3,10,DIRECIONAL,ON,,R$,6.0,6.11,5.9,5.99,5.96,5.93,5.96,1305,369300,2214811.0,0.0,0,9999-12-31,1,0.0,BRDIRRACNOR0,109
1,2017-11-24,2,DMMO3,10,DOMMO,ON,,R$,1.04,1.18,1.03,1.11,1.17,1.17,1.18,1376,5146800,5750902.0,0.0,0,9999-12-31,1,0.0,BRDMMOACNOR0,101
1,2017-11-24,2,DTCY3,10,DTCOM-DIRECT,ON,,R$,3.61,3.61,3.61,3.61,3.61,2.0,3.59,1,10000,36100.0,0.0,0,9999-12-31,1,0.0,BRDTCYACNOR5,108
1,2017-11-24,2,DTEX3,10,DURATEX,ON,,R$,9.5,9.8,9.49,9.61,9.51,9.48,9.57,4399,1114800,10715441.0,0.0,0,9999-12-31,1,0.0,BRDTEXACNOR3,125
1,2017-11-24,2,EALT4,10,ACO ALTONA,PN,,R$,32.0,32.0,30.0,31.0,30.0,29.2,31.0,2,200,6200.0,0.0,0,9999-12-31,1,0.0,BREALTACNPR1,130
1,2017-11-24,2,ECOR3,10,ECORODOVIAS,ON,,R$,12.46,12.51,12.22,12.34,12.22,12.22,12.28,5172,1470600,18148555.0,0.0,0,9999-12-31,1,0.0,BRECORACNOR8,114
1,2017-11-24,2,EGIE3,10,ENGIE BRASIL,ON,,R$,37.87,37.94,37.12,37.44,37.12,37.12,37.57,1663,287100,10750939.0,0.0,0,9999-12-31,1,0.0,BREGIEACNOR9,105
1,2017-11-24,2,EKTR3,10,ELEKTRO,ON,,R$,22.0,22.0,22.0,22.0,22.0,20.0,30.0,2,600,13200.0,0.0,0,9999-12-31,1,0.0,BREKTRACNOR0,141
1,2017-11-24,2,EKTR4,10,ELEKTRO,PN,,R$,22.57,22.57,22.57,22.57,22.57,22.0,23.25,1,100,2257.0,0.0,0,9999-12-31,1,0.0,BREKTRACNPR7,141
1,2017-11-24,2,ELEK3,10,ELEKEIROZ,ON,,R$,7.3,7.3,7.1,7.15,7.1,4.0,8.0,3,400,2860.0,0.0,0,9999-12-31,1,0.0,BRELEKACNOR5,119
1,2017-11-24,2,ELET3,10,ELETROBRAS,ON,,R$,20.84,21.13,20.43,20.68,20.72,20.7,20.72,5654,1482500,30660119.0,0.0,0,9999-12-31,1,0.0,BRELETACNOR6,152
1,2017-11-24,2,ELET6,10,ELETROBRAS,PN,,R$,24.01,24.39,23.34,23.7,23.9,23.88,23.9,4478,1731400,41042460.0,0.0,0,9999-12-31,1,0.0,BRELETACNPB7,69
1,2017-11-24,2,ELPL3,10,ELETROPAULO,ON,,R$,15.82,15.82,15.65,15.75,15.78,15.78,16.1,35,11800,185926.0,0.0,0,9999-12-31,1,0.0,BRELPLACNOR9,130
1,2017-11-24,2,ELPL4,10,ELETROPAULO,PN,,R$,15.7,15.98,15.66,15.86,15.98,15.96,15.98,1613,2032700,32240175.0,0.0,0,9999-12-31,1,0.0,BRELPLACNPR6,121
1,2017-11-24,2,EMAE4,10,EMAE,PN,,R$,9.49,9.49,9.49,9.49,9.49,7.2,9.49,1,500,4745.0,0.0,0,9999-12-31,1,0.0,BREMAEACNPR1,109
1,2017-11-24,2,EMBR3,10,EMBRAER,ON,,R$,15.61,15.71,15.33,15.51,15.33,15.33,15.35,3361,1017200,15781504.0,0.0,0,9999-12-31,1,0.0,BREMBRACNOR4,183
1,2017-11-24,2,ENBR3,10,ENERGIAS BR,ON,,R$,14.52,14.72,14.5,14.59,14.5,14.5,14.62,8469,1481100,21609414.0,0.0,0,9999-12-31,1,0.0,BRENBRACNOR2,123
1,2017-11-24,2,ENEV3,10,ENEVA,ON,,R$,13.61,14.0,13.51,13.73,14.0,14.0,14.03,1442,250400,3438144.0,0.0,0,9999-12-31,1,0.0,BRENEVACNOR8,104
1,2017-11-24,2,ENMA3B,10,CEMAR,ON,,R$,23.5,23.5,23.5,23.5,23.5,23.0,27.0,1,200,4700.0,0.0,0,9999-12-31,1,0.0,BRENMAACNOR5,115
1,2017-11-24,2,EQTL3,10,EQUATORIAL,ON,,R$,65.63,65.89,64.83,65.44,65.4,65.4,65.55,4599,591600,38717611.0,0.0,0,9999-12-31,1,0.0,BREQTLACNOR0,121
1,2017-11-24,2,ESTC3,10,ESTACIO PART,ON,,R$,31.31,31.77,31.2,31.46,31.6,31.4,31.6,3955,1062500,33428107.0,0.0,0,9999-12-31,1,0.0,BRESTCACNOR5,114
1,2017-11-24,2,ESTR4,10,ESTRELA,PN,,R$,10.99,10.99,10.5,10.58,10.5,9.99,10.98,2,600,6349.0,0.0,0,9999-12-31,1,0.0,BRESTRACNPR0,143
1,2017-11-24,2,ETER3,10,ETERNIT,ON,,R$,0.98,0.99,0.97,0.97,0.98,0.98,0.99,96,289600,283017.0,0.0,0,9999-12-31,1,0.0,BRETERACNOR3,230
1,2017-11-24,2,EUCA4,10,EUCATEX,PN,,R$,3.9,4.0,3.88,3.95,4.0,3.98,4.0,29,50100,198264.0,0.0,0,9999-12-31,1,0.0,BREUCAACNPR8,36
1,2017-11-24,2,EVEN3,10,EVEN,ON,,R$,5.34,5.39,5.3,5.34,5.35,5.33,5.37,1213,364400,1949396.0,0.0,0,9999-12-31,1,0.0,BREVENACNOR8,111
1,2017-11-24,2,EZTC3,10,EZTEC,ON,,R$,22.65,23.33,22.37,22.88,23.19,23.19,23.21,1620,438300,10032186.0,0.0,0,9999-12-31,1,0.0,BREZTCACNOR0,110
1,2017-11-24,2,FESA3,10,FERBASA,ON,,R$,18.0,18.0,17.5,17.9,18.0,13.5,30.0,3,1100,19700.0,0.0,0,9999-12-31,1,0.0,BRFESAACNOR8,159
1,2017-11-24,2,FESA4,10,FERBASA,PN,,R$,17.02,17.07,16.9,16.99,17.0,16.95,17.0,167,63600,1081049.0,0.0,0,9999-12-31,1,0.0,BRFESAACNPR5,55
1,2017-11-24,2,FHER3,10,FER HERINGER,ON,,R$,2.5,2.53,2.4,2.47,2.46,2.45,2.46,256,93600,231867.0,0.0,0,9999-12-31,1,0.0,BRFHERACNOR5,103
1,2017-11-24,2,FIBR3,10,FIBRIA,ON,,R$,51.6,51.6,50.57,50.88,50.57,50.57,50.63,3117,969200,49321012.0,0.0,0,9999-12-31,1,0.0,BRFIBRACNOR9,106
1,2017-11-24,2,FJTA3,10,FORJA TAURUS,ON,,R$,1.89,1.89,1.89,1.89,1.89,1.77,1.89,1,400,756.0,0.0,0,9999-12-31,1,0.0,BRFJTAACNOR5,155
1,2017-11-24,2,FJTA4,10,FORJA TAURUS,PN,,R$,2.17,2.23,2.1,2.17,2.15,2.12,2.15,57,102000,222344.0,0.0,0,9999-12-31,1,0.0,BRFJTAACNPR2,156
1,2017-11-24,2,FLRY3,10,FLEURY,ON,,R$,27.1,27.25,26.21,26.5,26.27,26.27,26.3,3897,969900,25705194.0,0.0,0,9999-12-31,1,0.0,BRFLRYACNOR5,119
1,2017-11-24,2,FRAS3,10,FRAS-LE,ON,,R$,5.5,5.51,5.43,5.45,5.44,5.43,5.44,56,31700,172973.0,0.0,0,9999-12-31,1,0.0,BRFRASACNOR0,143
1,2017-11-24,2,GEPA3,10,GER PARANAP,ON,,R$,37.0,37.0,37.0,37.0,37.0,36.6,38.5,6,1500,55500.0,0.0,0,9999-12-31,1,0.0,BRGEPAACNOR2,138
1,2017-11-24,2,GEPA4,10,GER PARANAP,PN,,R$,41.01,41.01,41.01,41.01,41.01,40.5,41.8,1,100,4101.0,0.0,0,9999-12-31,1,0.0,BRGEPAACNPR9,145
1,2017-11-24,2,GFSA3,10,GAFISA,ON,,R$,18.5,19.0,18.31,18.75,19.0,18.84,19.0,1235,776800,14571032.0,0.0,0,9999-12-31,1,0.0,BRGFSAACNOR3,114
1,2017-11-24,2,GGBR3,10,GERDAU,ON,,R$,10.34,10.37,10.14,10.23,10.25,10.12,10.25,109,36800,376653.0,0.0,0,9999-12-31,1,0.0,BRGGBRACNOR1,164
1,2017-11-24,2,GGBR4,10,GERDAU,PN,,R$,10.9,10.99,10.65,10.79,10.77,10.76,10.77,11362,7643100,82510526.0,0.0,0,9999-12-31,1,0.0,BRGGBRACNPR8,164
1,2017-11-24,2,GOAU3,10,GERDAU MET,ON,,R$,4.73,4.76,4.66,4.7,4.7,4.69,4.7,67,49300,232153.0,0.0,0,9999-12-31,1,0.0,BRGOAUACNOR1,242
1,2017-11-24,2,GOAU4,10,GERDAU MET,PN,,R$,5.08,5.12,4.94,5.0,4.97,4.97,4.98,4755,8071100,40411137.0,0.0,0,9999-12-31,1,0.0,BRGOAUACNPR8,243
1,2017-11-24,2,GOLL4,10,GOL,PN,,R$,14.25,14.63,14.16,14.38,14.22,14.21,14.22,2559,1077200,15495589.0,0.0,0,9999-12-31,1,0.0,BRGOLLACNPR4,123
1,2017-11-24,2,GRND3,10,GRENDENE,ON,,R$,27.2,27.42,26.75,27.1,27.2,27.03,27.2,1345,261100,7076436.0,0.0,0,9999-12-31,1,0.0,BRGRNDACNOR3,148
1,2017-11-24,2,GSHP3,10,GENERALSHOPP,ON,,R$,4.86,4.86,4.86,4.86,4.86,4.86,5.0,1,300,1458.0,0.0,0,9999-12-31,1,0.0,BRGSHPACNOR7,100
1,2017-11-24,2,GUAR3,10,GUARARAPES,ON,,R$,152.42,152.42,148.51,150.68,151.99,151.64,151.99,293,46200,6961773.0,0.0,0,9999-12-31,1,0.0,BRGUARACNOR4,154
1,2017-11-24,2,GUAR4,10,GUARARAPES,PN,,R$,157.0,157.0,151.23,152.56,151.51,151.51,154.0,42,4500,686521.0,0.0,0,9999-12-31,1,0.0,BRGUARACNPR1,154
1,2017-11-24,2,HAGA4,10,HAGA S/A,PN,,R$,2.0,2.16,1.93,2.02,2.16,2.07,2.16,62,99900,202655.0,0.0,0,9999-12-31,1,0.0,BRHAGAACNPR4,103
1,2017-11-24,2,HBOR3,10,HELBOR,ON,,R$,2.04,2.12,2.04,2.09,2.09,2.09,2.1,669,1703100,3562919.0,0.0,0,9999-12-31,1,0.0,BRHBORACNOR3,113
1,2017-11-24,2,HETA4,10,HERCULES,PN,,R$,8.5,8.87,8.5,8.55,8.87,8.01,8.88,5,700,5987.0,0.0,0,9999-12-31,1,0.0,BRHETAACNPR9,136
1,2017-11-24,2,HGTX3,10,CIA HERING,ON,,R$,28.0,28.1,27.38,27.68,27.96,27.57,27.96,2175,414300,11470326.0,0.0,0,9999-12-31,1,0.0,BRHGTXACNOR9,140
1,2017-11-24,2,HOOT4,10,HOTEIS OTHON,PN,,R$,2.7,2.79,2.7,2.7,2.79,2.66,2.78,5,35500,95886.0,0.0,0,9999-12-31,1,0.0,BRHOOTACNPR9,15
1,2017-11-24,2,HYPE3,10,HYPERMARCAS,ON,,R$,33.25,33.69,33.19,33.51,33.5,33.37,33.5,3778,663200,22227812.0,0.0,0,9999-12-31,1,0.0,BRHYPEACNOR0,111
1,2017-11-24,2,IDNT3,10,IDEIASNET,ON,,R$,11.0,11.24,10.96,11.09,11.24,10.8,11.29,54,19200,213015.0,0.0,0,9999-12-31,1,0.0,BRIDNTACNOR5,113
1,2017-11-24,2,IDVL4,10,INDUSVAL,PN,,R$,1.61,1.61,1.56,1.56,1.56,1.49,1.56,7,1500,2350.0,0.0,0,9999-12-31,1,0.0,BRIDVLACNPR2,126
1,2017-11-24,2,IGBR3,10,IGB S/A,ON,,R$,1.16,1.19,1.15,1.15,1.15,1.15,1.19,21,25300,29274.0,0.0,0,9999-12-31,1,0.0,BRIGBRACNOR7,31
1,2017-11-24,2,IGTA3,10,IGUATEMI,ON,,R$,38.55,38.87,38.36,38.7,38.8,38.75,38.8,2034,316300,12242732.0,0.0,0,9999-12-31,1,0.0,BRIGTAACNOR5,119
1,2017-11-24,2,IRBR3,10,IRBBRASIL RE,ON,,R$,33.9,34.25,33.7,33.94,34.0,33.92,34.0,1749,382800,12994651.0,0.0,0,9999-12-31,1,0.0,BRIRBRACNOR4,101
1,2017-11-24,2,ITSA3,10,ITAUSA,ON,,R$,10.35,10.35,10.25,10.28,10.29,10.25,10.29,61,13500,138798.0,0.0,0,9999-12-31,1,0.0,BRITSAACNOR0,379
1,2017-11-24,2,ITSA4,10,ITAUSA,PN,,R$,10.74,10.74,10.62,10.68,10.62,10.62,10.65,13643,7787100,83171390.0,0.0,0,9999-12-31,1,0.0,BRITSAACNPR7,379
1,2017-11-24,2,ITUB3,10,ITAUUNIBANCO,ON,,R$,38.13,38.18,37.61,37.99,37.92,37.78,38.01,317,75600,2872147.0,0.0,0,9999-12-31,1,0.0,BRITUBACNOR4,229
1,2017-11-24,2,ITUB4,10,ITAUUNIBANCO,PN,,R$,42.74,42.89,42.1,42.53,42.43,42.43,42.48,10465,4122600,175340643.0,0.0,0,9999-12-31,1,0.0,BRITUBACNPR1,229
1,2017-11-24,2,JBDU4,10,J B DUARTE,PN,,R$,1.22,1.28,1.15,1.18,1.27,1.2,1.26,36,37000,43844.0,0.0,0,9999-12-31,1,0.0,BRJBDUACNPR3,140
1,2017-11-24,2,JFEN3,10,JOAO FORTES,ON,,R$,0.68,0.7,0.68,0.69,0.7,0.69,0.7,13,15300,10620.0,0.0,0,9999-12-31,1,0.0,BRJFENACNOR0,56
1,2017-11-24,2,JHSF3,10,JHSF PART,ON,,R$,1.92,1.93,1.89,1.9,1.9,1.89,1.9,395,505500,961555.0,0.0,0,9999-12-31,1,0.0,BRJHSFACNOR2,113
1,2017-11-24,2,JSLG3,10,JSL,ON,,R$,8.1,8.28,8.05,8.11,8.05,8.05,8.12,51,20500,166457.0,0.0,0,9999-12-31,1,0.0,BRJSLGACNOR2,111
1,2017-11-24,2,KEPL3,10,KEPLER WEBER,ON,,R$,19.67,20.4,19.67,20.21,20.34,20.3,20.34,59,20200,408397.0,0.0,0,9999-12-31,1,0.0,BRKEPLACNOR1,46
1,2017-11-24,2,KLBN3,10,KLABIN S/A,ON,,R$,5.14,5.17,5.0,5.12,5.09,5.09,5.15,193,41200,211105.0,0.0,0,9999-12-31,1,0.0,BRKLBNACNOR2,145
1,2017-11-24,2,KLBN4,10,KLABIN S/A,PN,,R$,3.31,3.32,3.2,3.24,3.26,3.26,3.27,402,175900,570340.0,0.0,0,9999-12-31,1,0.0,BRKLBNACNPR9,145
1,2017-11-24,2,KROT3,10,KROTON,ON,,R$,18.85,19.18,18.63,18.81,18.77,18.75,18.77,9427,2482900,46710618.0,0.0,0,9999-12-31,1,0.0,BRKROTACNOR9,126
1,2017-11-24,2,LAME3,10,LOJAS AMERIC,ON,,R$,12.59,12.68,12.41,12.47,12.43,12.43,12.52,6599,1125000,14038945.0,0.0,0,9999-12-31,1,0.0,BRLAMEACNOR9,198
1,2017-11-24,2,LAME4,10,LOJAS AMERIC,PN,,R$,15.35,15.58,15.22,15.33,15.3,15.29,15.3,9022,3031900,46488768.0,0.0,0,9999-12-31,1,0.0,BRLAMEACNPR6,198
1,2017-11-24,2,LCAM3,10,LOCAMERICA,ON,,R$,15.89,15.89,15.89,15.89,15.89,15.81,15.89,6,3400,54026.0,0.0,0,9999-12-31,1,0.0,BRLCAMACNOR3,120
1,2017-11-24,2,LEVE3,10,METAL LEVE,ON,,R$,23.14,23.3,22.66,23.09,23.19,22.78,23.19,653,125400,2895565.0,0.0,0,9999-12-31,1,0.0,BRLEVEACNOR2,180
1,2017-11-24,2,LIGT3,10,LIGHT S/A,ON,,R$,17.41,17.52,17.11,17.29,17.33,17.25,17.33,959,177800,3074820.0,0.0,0,9999-12-31,1,0.0,BRLIGTACNOR2,118
1,2017-11-24,2,LINX3,10,LINX,ON,,R$,21.71,22.29,21.26,21.81,21.74,21.56,21.74,2422,537700,11732271.0,0.0,0,9999-12-31,1,0.0,BRLINXACNOR0,112
1,2017-11-24,2,LIPR3,10,ELETROPAR,ON,,R$,53.3,54.4,53.3,53.57,54.4,51.0,54.4,3,400,21430.0,0.0,0,9999-12-31,1,0.0,BRLIPRACNOR7,114
1,2017-11-24,2,LLIS3,10,LE LIS BLANC,ON,,R$,40.01,40.01,40.01,40.01,40.01,39.9,41.8,1,100,4001.0,0.0,0,9999-12-31,1,0.0,BRLLISACNOR4,111
1,2017-11-24,2,LOGN3,10,LOG-IN,ON,,R$,3.63,3.64,3.59,3.61,3.62,3.6,3.62,66,53900,194937.0,0.0,0,9999-12-31,1,0.0,BRLOGNACNOR3,103
1,2017-11-24,2,LPSB3,10,LOPES BRASIL,ON,,R$,5.79,5.79,5.51,5.59,5.6,5.6,5.61,400,126700,709166.0,0.0,0,9999-12-31,1,0.0,BRLPSBACNOR0,111
1,2017-11-24,2,LREN3,10,LOJAS RENNER,ON,,R$,34.8,35.05,34.54,34.71,34.6,34.59,34.6,5288,1191500,41362203.0,0.0,0,9999-12-31,1,0.0,BRLRENACNOR1,188
1,2017-11-24,2,MAGG3,10,MAGNESITA SA,ON,,R$,45.6,46.0,45.21,45.78,46.0,45.83,46.0,111,17800,815018.0,0.0,0,9999-12-31,1,0.0,BRMAGGACNOR4,109
1,2017-11-24,2,MDIA3,10,M.DIASBRANCO,ON,,R$,48.76,49.13,47.47,48.32,48.25,48.03,48.25,3224,631100,30496142.0,0.0,0,9999-12-31,1,0.0,BRMDIAACNOR7,115
1,2017-11-24,2,MEAL3,10,IMC S/A,ON,,R$,8.75,8.75,8.6,8.69,8.69,8.65,8.69,2696,759300,6598689.0,0.0,0,9999-12-31,1,0.0,BRMEALACNOR9,102
1,2017-11-24,2,MGEL4,10,MANGELS INDL,PN,,R$,4.0,4.19,4.0,4.09,4.19,4.0,4.19,2,200,819.0,0.0,0,9999-12-31,1,0.0,BRMGELACNPR3,147
1,2017-11-24,2,MGLU3,10,MAGAZ LUIZA,ON,,R$,58.86,61.45,58.24,60.1,61.45,61.44,61.49,4707,1386400,83332998.0,0.0,0,9999-12-31,1,0.0,BRMGLUACNOR2,108
1,2017-11-24,2,MILS3,10,MILLS,ON,,R$,4.34,4.38,4.3,4.34,4.38,4.33,4.38,213,89500,388513.0,0.0,0,9999-12-31,1,0.0,BRMILSACNOR2,112
1,2017-11-24,2,MLFT4,10,JEREISSATI,PN,,R$,21.19,21.19,20.99,20.99,20.99,20.72,20.99,4,5100,107069.0,0.0,0,9999-12-31,1,0.0,BRMLFTACNPR3,165
1,2017-11-24,2,MNDL3,10,MUNDIAL,ON,,R$,21.2,21.2,21.2,21.2,21.2,21.1,21.5,1,200,4240.0,0.0,0,9999-12-31,1,0.0,BRMNDLACNOR4,107
1,2017-11-24,2,MNPR3,10,MINUPAR,ON,,R$,2.78,2.85,2.78,2.78,2.82,2.72,2.83,10,218000,606119.0,0.0,0,9999-12-31,1,0.0,BRMNPRACNOR5,122
1,2017-11-24,2,MOVI3,10,MOVIDA,ON,,R$,7.2,7.49,7.17,7.34,7.38,7.38,7.4,3291,1616000,11870108.0,0.0,0,9999-12-31,1,0.0,BRMOVIACNOR0,100
1,2017-11-24,2,MPLU3,10,MULTIPLUS,ON,,R$,35.31,36.0,35.05,35.64,36.0,35.83,36.0,1608,248100,8842706.0,0.0,0,9999-12-31,1,0.0,BRMPLUACNOR3,127
1,2017-11-24,2,MRFG3,10,MARFRIG,ON,,R$,6.95,7.05,6.94,7.0,7.05,6.97,7.05,1915,515200,3608143.0,0.0,0,9999-12-31,1,0.0,BRMRFGACNOR0,108
1,2017-11-24,2,MRVE3,10,MRV,ON,,R$,13.75,14.02,13.68,13.9,13.88,13.84,13.88,7852,2724100,37882959.0,0.0,0,9999-12-31,1,0.0,BRMRVEACNOR2,113
1,2017-11-24,2,MTSA4,10,METISA,PN,,R$,16.35,16.35,16.3,16.33,16.35,16.35,16.4,14,2900,47375.0,0.0,0,9999-12-31,1,0.0,BRMTSAACNPR9,52
1,2017-11-24,2,MULT3,10,MULTIPLAN,ON,,R$,71.89,72.59,71.04,71.79,72.02,72.0,72.05,2593,392200,28156089.0,0.0,0,9999-12-31,1,0.0,BRMULTACNOR5,119
1,2017-11-24,2,MYPK3,10,IOCHP-MAXION,ON,,R$,21.5,21.78,21.25,21.56,21.66,21.5,21.66,2324,631400,13613500.0,0.0,0,9999-12-31,1,0.0,BRMYPKACNOR7,142
1,2017-11-24,2,NATU3,10,NATURA,ON,,R$,32.01,32.2,31.0,31.36,31.0,31.0,31.12,4487,1071100,33595088.0,0.0,0,9999-12-31,1,0.0,BRNATUACNOR6,129
1,2017-11-24,2,ODPV3,10,ODONTOPREV,ON,,R$,16.54,16.74,16.21,16.39,16.24,16.24,16.32,3826,659200,10805134.0,0.0,0,9999-12-31,1,0.0,BRODPVACNOR4,158
1,2017-11-24,2,OFSA3,10,OUROFINO S/A,ON,,R$,25.84,26.0,25.84,25.84,26.0,0.0,26.0,2,3100,80120.0,0.0,0,9999-12-31,1,0.0,BROFSAACNOR7,104
1,2017-11-24,2,OGXP3,10,OGX PETROLEO,ON,,R$,3.55,3.56,3.5,3.53,3.56,3.53,3.56,38,58100,205229.0,0.0,0,9999-12-31,1,0.0,BROGXPACNOR3,108
1,2017-11-24,2,OMGE3,10,OMEGA GER,ON,,R$,17.92,17.92,17.66,17.77,17.78,17.67,17.78,529,130000,2310693.0,0.0,0,9999-12-31,1,0.0,BROMGEACNOR0,100
1,2017-11-24,2,PARD3,10,IHPARDINI,ON,,R$,32.7,33.44,32.62,33.06,33.3,33.19,33.33,1352,220000,7274622.0,0.0,0,9999-12-31,1,0.0,BRPARDACNOR1,101
1,2017-11-24,2,PCAR4,10,P.ACUCAR-CBD,PN,,R$,73.91,74.15,73.39,73.71,73.64,73.64,73.74,1557,300800,22174581.0,0.0,0,9999-12-31,1,0.0,BRPCARACNPR0,148
1,2017-11-24,2,PETR3,10,PETROBRAS,ON,,R$,16.74,16.76,16.48,16.61,16.55,16.54,16.55,7016,3473900,57721693.0,0.0,0,9999-12-31,1,0.0,BRPETRACNOR9,183
1,2017-11-24,2,PETR4,10,PETROBRAS,PN,,R$,16.25,16.37,16.04,16.19,16.1,16.1,16.11,16753,18790700,304363408.0,0.0,0,9999-12-31,1,0.0,BRPETRACNPR6,186
1,2017-11-24,2,PFRM3,10,PROFARMA,ON,,R$,7.46,7.7,7.46,7.6,7.65,7.6,7.65,130,57700,438665.0,0.0,0,9999-12-31,1,0.0,BRPFRMACNOR1,111
1,2017-11-24,2,PINE4,10,PINE,PN,,R$,3.02,3.05,3.02,3.02,3.02,3.02,3.07,22,9300,28092.0,0.0,0,9999-12-31,1,0.0,BRPINEACNPR8,143
1,2017-11-24,2,PLAS3,10,PLASCAR PART,ON,,R$,6.47,6.47,6.47,6.47,6.47,5.5,6.4,3,20800,134576.0,0.0,0,9999-12-31,1,0.0,BRPLASACNOR2,105
1,2017-11-24,2,PMAM3,10,PARANAPANEMA,ON,,R$,1.5,1.51,1.48,1.49,1.51,1.49,1.51,186,752500,1126736.0,0.0,0,9999-12-31,1,0.0,BRPMAMACNOR3,36
1,2017-11-24,2,PNVL3,10,DIMED,ON,,R$,470.0,480.0,470.0,472.5,480.0,455.0,490.0,4,400,189000.0,0.0,0,9999-12-31,1,0.0,BRPNVLACNOR9,189
1,2017-11-24,2,POMO3,10,MARCOPOLO,ON,,R$,3.03,3.03,2.99,3.01,3.0,2.99,3.0,18,11100,33463.0,0.0,0,9999-12-31,1,0.0,BRPOMOACNOR0,80
1,2017-11-24,2,POMO4,10,MARCOPOLO,PN,,R$,3.76,3.81,3.71,3.76,3.76,3.73,3.76,1050,1014200,3814108.0,0.0,0,9999-12-31,1,0.0,BRPOMOACNPR7,80
1,2017-11-24,2,POSI3,10,POSITIVO TEC,ON,,R$,3.03,3.11,2.97,3.02,3.11,3.08,3.11,482,526400,1594514.0,0.0,0,9999-12-31,1,0.0,BRPOSIACNOR9,111
1,2017-11-24,2,PRIO3,10,PETRORIO,ON,,R$,61.95,64.27,61.95,63.13,63.76,63.76,63.9,385,89900,5675586.0,0.0,0,9999-12-31,1,0.0,BRPRIOACNOR1,101
1,2017-11-24,2,PRML3,10,PRUMO,ON,,R$,10.94,11.15,10.94,11.07,11.15,10.95,11.15,62,29600,327684.0,0.0,0,9999-12-31,1,0.0,BRPRMLACNOR9,103
1,2017-11-24,2,PSSA3,10,PORTO SEGURO,ON,,R$,37.51,37.51,36.43,36.88,36.47,36.47,36.84,1810,275500,10161605.0,0.0,0,9999-12-31,1,0.0,BRPSSAACNOR7,132
1,2017-11-24,2,PTBL3,10,PORTOBELLO,ON,,R$,5.95,5.95,5.73,5.81,5.8,5.8,5.82,674,711200,4136027.0,0.0,0,9999-12-31,1,0.0,BRPTBLACNOR8,121
1,2017-11-24,2,PTNT4,10,PETTENATI,PN,,R$,3.69,3.69,3.69,3.69,3.69,3.68,3.69,2,800,2952.0,0.0,0,9999-12-31,1,0.0,BRPTNTACNPR3,41
1,2017-11-24,2,QGEP3,10,QGEP PART,ON,,R$,8.36,8.43,8.15,8.23,8.15,8.15,8.18,947,503400,4144427.0,0.0,0,9999-12-31,1,0.0,BRQGEPACNOR8,107
1,2017-11-24,2,QUAL3,10,QUALICORP,ON,,R$,32.91,33.05,32.58,32.73,33.0,32.99,33.0,5373,3106400,101696186.0,0.0,0,9999-12-31,1,0.0,BRQUALACNOR6,106
1,2017-11-24,2,RADL3,10,RAIADROGASIL,ON,,R$,86.98,89.12,86.3,88.33,88.51,88.5,88.64,8334,1444200,127568007.0,0.0,0,9999-12-31,1,0.0,BRRADLACNOR0,124
1,2017-11-24,2,RAIL3,10,RUMO S.A.,ON,,R$,13.04,13.18,12.73,12.91,12.89,12.79,12.89,9598,3959600,51118906.0,0.0,0,9999-12-31,1,0.0,BRRAILACNOR9,100
1,2017-11-24,2,RANI3,10,CELUL IRANI,ON,,R$,1.99,2.0,1.99,1.99,2.0,1.98,2.0,6,6200,12369.0,0.0,0,9999-12-31,1,0.0,BRRANIACNOR5,50
1,2017-11-24,2,RANI4,10,CELUL IRANI,PN,,R$,2.03,2.03,2.03,2.03,2.03,1.5,2.1,2,400,812.0,0.0,0,9999-12-31,1,0.0,BRRANIACNPR2,51
1,2017-11-24,2,RAPT3,10,RANDON PART,ON,,R$,5.35,5.35,5.35,5.35,5.35,5.22,5.34,1,100,535.0,0.0,0,9999-12-31,1,0.0,BRRAPTACNOR7,147
1,2017-11-24,2,RAPT4,10,RANDON PART,PN,,R$,7.02,7.08,6.86,6.95,6.92,6.91,6.92,1119,699000,4862335.0,0.0,0,9999-12-31,1,0.0,BRRAPTACNPR4,147
1,2017-11-24,2,RCSL3,10,RECRUSUL,ON,,R$,3.33,3.33,3.0,3.05,3.0,2.8,3.0,7,2200,6725.0,0.0,0,9999-12-31,1,0.0,BRRCSLACNOR4,128
1,2017-11-24,2,RCSL4,10,RECRUSUL,PN,,R$,0.93,0.94,0.87,0.89,0.88,0.87,0.88,1074,406300,363451.0,0.0,0,9999-12-31,1,0.0,BRRCSLACNPR1,128
1,2017-11-24,2,RDNI3,10,RODOBENSIMOB,ON,,R$,5.28,5.28,5.28,5.28,5.28,5.21,5.29,1,500,2640.0,0.0,0,9999-12-31,1,0.0,BRRDNIACNOR9,112
1,2017-11-24,2,REDE3,10,REDE ENERGIA,ON,,R$,2.87,2.87,2.74,2.79,2.86,2.72,2.87,31,15000,41986.0,0.0,0,9999-12-31,1,0.0,BRREDEACNOR7,108
1,2017-11-24,2,RENT3,10,LOCALIZA,ON,,R$,20.98,20.98,20.15,20.56,20.87,20.82,20.87,10623,2721000,55944313.0,0.0,0,9999-12-31,1,0.0,BRRENTACNOR4,165
1,2017-11-24,2,RLOG3,10,COSAN LOG,ON,,R$,9.4,9.47,9.18,9.25,9.2,9.2,9.21,349,189400,1753131.0,0.0,0,9999-12-31,1,0.0,BRRLOGACNOR4,106
1,2017-11-24,2,RNEW3,10,RENOVA,ON,,R$,2.35,2.64,2.35,2.43,2.6,2.6,2.64,77,94100,229305.0,0.0,0,9999-12-31,1,0.0,BRRNEWACNOR8,105
1,2017-11-24,2,RNEW4,10,RENOVA,PN,,R$,2.06,2.08,2.04,2.06,2.07,2.05,2.07,28,14800,30622.0,0.0,0,9999-12-31,1,0.0,BRRNEWACNPR5,105
1,2017-11-24,2,ROMI3,10,INDS ROMI,ON,,R$,7.68,7.7,7.5,7.62,7.63,7.63,7.68,100,94500,720823.0,0.0,0,9999-12-31,1,0.0,BRROMIACNOR8,164
1,2017-11-24,2,RPAD6,10,ALFA HOLDING,PN,,R$,2.7,2.7,2.4,2.61,2.63,2.41,2.95,15,26300,68777.0,0.0,0,9999-12-31,1,0.0,BRRPADACNPB2,196
1,2017-11-24,2,RSID3,10,ROSSI RESID,ON,,R$,6.49,6.58,6.37,6.48,6.57,6.47,6.57,215,102400,664412.0,0.0,0,9999-12-31,1,0.0,BRRSIDACNOR8,119
1,2017-11-24,2,SANB3,10,SANTANDER BR,ON,,R$,17.4,17.6,17.2,17.43,17.2,17.1,17.6,56,12600,219664.0,0.0,0,9999-12-31,1,0.0,BRSANBACNOR8,142
1,2017-11-24,2,SANB4,10,SANTANDER BR,PN,,R$,12.86,12.9,12.7,12.78,12.9,12.9,12.94,93,30200,385963.0,0.0,0,9999-12-31,1,0.0,BRSANBACNPR5,142
1,2017-11-24,2,SAPR3,10,SANEPAR,ON,,R$,11.9,11.94,11.5,11.72,11.8,11.7,11.8,76,46100,540612.0,0.0,0,9999-12-31,1,0.0,BRSAPRACNOR9,141
1,2017-11-24,2,SAPR4,10,SANEPAR,PN,,R$,12.08,12.13,11.93,12.04,11.99,11.99,12.0,3092,894700,10778262.0,0.0,0,9999-12-31,1,0.0,BRSAPRACNPR6,141
1,2017-11-24,2,SBSP3,10,SABESP,ON,,R$,33.45,33.5,32.91,33.34,33.3,33.3,33.38,6119,1903300,63472968.0,0.0,0,9999-12-31,1,0.0,BRSBSPACNOR5,154
1,2017-11-24,2,SCAR3,10,SAO CARLOS,ON,,R$,38.59,39.6,38.0,39.46,39.6,38.35,39.93,35,18600,734112.0,0.0,0,9999-12-31,1,0.0,BRSCARACNOR7,125
1,2017-11-24,2,SEDU3,10,SOMOS EDUCA,ON,,R$,18.02,18.23,18.0,18.04,18.0,17.5,18.0,14,2600,46910.0,0.0,0,9999-12-31,1,0.0,BRSEDUACNOR1,100
1,2017-11-24,2,SEER3,10,SER EDUCA,ON,,R$,29.97,30.02,29.2,29.61,29.46,29.46,29.49,2453,427100,12650387.0,0.0,0,9999-12-31,1,0.0,BRSEERACNOR5,109
1,2017-11-24,2,SGPS3,10,SPRINGS,ON,,R$,11.04,11.05,10.91,10.96,10.98,10.88,10.98,89,30700,336579.0,0.0,0,9999-12-31,1,0.0,BRSGPSACNOR4,104
1,2017-11-24,2,SHOW3,10,TIME FOR FUN,ON,,R$,8.12,8.28,8.05,8.16,8.2,8.18,8.2,195,38700,316060.0,0.0,0,9999-12-31,1,0.0,BRSHOWACNOR7,103
1,2017-11-24,2,SHUL4,10,SCHULZ,PN,,R$,6.85,6.95,6.85,6.88,6.89,6.85,6.89,154,28900,198874.0,0.0,0,9999-12-31,1,0.0,BRSHULACNPR4,130
1,2017-11-24,2,SLCE3,10,SLC AGRICOLA,ON,,R$,22.84,23.05,22.62,22.78,22.62,22.62,22.63,794,107700,2454218.0,0.0,0,9999-12-31,1,0.0,BRSLCEACNOR2,111
1,2017-11-24,2,SLED3,10,SARAIVA LIVR,ON,,R$,4.45,4.45,4.45,4.45,4.45,4.12,4.45,9,6700,29815.0,0.0,0,9999-12-31,1,0.0,BRSLEDACNOR0,154
1,2017-11-24,2,SLED4,10,SARAIVA LIVR,PN,,R$,4.04,4.11,3.8,3.89,3.8,3.79,3.8,171,249500,971839.0,0.0,0,9999-12-31,1,0.0,BRSLEDACNPR7,153
1,2017-11-24,2,SMLS3,10,SMILES,ON,,R$,82.04,83.45,80.68,82.18,83.22,82.8,83.22,2877,511400,42029449.0,0.0,0,9999-12-31,1,0.0,BRSMLSACNOR1,100
1,2017-11-24,2,SMTO3,10,SAO MARTINHO,ON,,R$,18.05,18.05,17.74,17.8,17.75,17.75,17.85,2443,483400,8607847.0,0.0,0,9999-12-31,1,0.0,BRSMTOACNOR3,113
1,2017-11-24,2,SNSL3,10,SENIOR SOL,ON,,R$,28.5,28.5,26.83,27.66,27.4,27.4,27.79,73,11000,304263.0,0.0,0,9999-12-31,1,0.0,BRSNSLACNOR9,109
1,2017-11-24,2,SPRI3,10,SPRINGER,ON,,R$,9.15,9.15,9.15,9.15,9.15,9.15,12.0,1,100,915.0,0.0,0,9999-12-31,1,0.0,BRSPRIACNOR2,144
1,2017-11-24,2,SSBR3,10,SIERRABRASIL,ON,,R$,26.49,26.98,25.51,25.99,25.51,25.51,26.02,253,39400,1024166.0,0.0,0,9999-12-31,1,0.0,BRSSBRACNOR1,107
1,2017-11-24,2,STBP3,10,SANTOS BRP,ON,,R$,3.41,3.48,3.41,3.45,3.48,3.45,3.48,677,206700,714906.0,0.0,0,9999-12-31,1,0.0,BRSTBPACNOR3,114
1,2017-11-24,2,SUZB3,10,SUZANO PAPEL,ON,,R$,19.42,19.61,19.08,19.35,19.35,19.35,19.41,6360,2033300,39354167.0,0.0,0,9999-12-31,1,0.0,BRSUZBACNOR0,121
1,2017-11-24,2,TAEE3,10,TAESA,ON,,R$,7.0,7.05,7.0,7.02,7.03,7.01,7.1,7,700,4916.0,0.0,0,9999-12-31,1,0.0,BRTAEEACNOR9,118
1,2017-11-24,2,TAEE4,10,TAESA,PN,,R$,7.0,7.2,6.97,7.0,7.15,7.0,7.19,20,7500,52515.0,0.0,0,9999-12-31,1,0.0,BRTAEEACNPR6,118
1,2017-11-24,2,TCSA3,10,TECNISA,ON,,R$,2.08,2.1,2.02,2.04,2.04,2.04,2.05,1741,2098500,4300446.0,0.0,0,9999-12-31,1,0.0,BRTCSAACNOR3,111
1,2017-11-24,2,TECN3,10,TECHNOS,ON,,R$,4.16,4.16,4.06,4.08,4.08,4.08,4.1,103,38700,158070.0,0.0,0,9999-12-31,1,0.0,BRTECNACNOR6,106
1,2017-11-24,2,TELB3,10,TELEBRAS,ON,,R$,34.99,34.99,34.99,34.99,34.99,31.0,35.0,1,2100,73479.0,0.0,0,9999-12-31,1,0.0,BRTELBACNOR2,138
1,2017-11-24,2,TELB4,10,TELEBRAS,PN,,R$,23.28,23.28,22.2,22.97,22.2,22.2,22.96,23,16800,385936.0,0.0,0,9999-12-31,1,0.0,BRTELBACNPR9,138
1,2017-11-24,2,TEND3,10,TENDA,ON,,R$,17.39,17.91,17.39,17.68,17.77,17.73,17.77,747,131800,2330677.0,0.0,0,9999-12-31,1,0.0,BRTENDACNOR4,101
1,2017-11-24,2,TESA3,10,TERRA SANTA,ON,,R$,14.39,14.55,14.05,14.14,14.05,14.05,14.3,23,9200,130159.0,0.0,0,9999-12-31,1,0.0,BRTESAACNOR9,100
1,2017-11-24,2,TGMA3,10,TEGMA,ON,,R$,19.91,20.24,19.91,20.14,20.2,20.0,20.2,521,64100,1291278.0,0.0,0,9999-12-31,1,0.0,BRTGMAACNOR7,127
1,2017-11-24,2,TIET3,10,AES TIETE E,ON,,R$,2.77,2.77,2.7,2.73,2.71,2.71,2.75,25,26000,71003.0,0.0,0,9999-12-31,1,0.0,BRTIETACNOR0,110
1,2017-11-24,2,TIET4,10,AES TIETE E,PN,,R$,2.73,2.73,2.71,2.71,2.71,2.71,2.72,52,51000,138574.0,0.0,0,9999-12-31,1,0.0,BRTIETACNPR7,110
1,2017-11-24,2,TIMP3,10,TIM PART S/A,ON,,R$,12.29,12.59,12.12,12.37,12.27,12.27,12.3,4665,2202800,27261310.0,0.0,0,9999-12-31,1,0.0,BRTIMPACNOR1,107
1,2017-11-24,2,TOTS3,10,TOTVS,ON,,R$,32.99,33.08,32.28,32.53,32.51,32.5,32.57,1711,253500,8248053.0,0.0,0,9999-12-31,1,0.0,BRTOTSACNOR8,127
1,2017-11-24,2,TOYB3,10,TECTOY,ON,,R$,3.49,3.49,3.49,3.49,3.49,3.4,3.5,1,13000,45370.0,0.0,0,9999-12-31,1,0.0,BRTOYBACNOR4,112
1,2017-11-24,2,TOYB4,10,TECTOY,PN,,R$,3.85,3.85,3.57,3.83,3.64,3.58,3.7,9,17700,67853.0,0.0,0,9999-12-31,1,0.0,BRTOYBACNPR1,112
1,2017-11-24,2,TRIS3,10,TRISUL,ON,,R$,4.39,4.39,4.28,4.34,4.39,4.3,4.39,49,33800,146876.0,0.0,0,9999-12-31,1,0.0,BRTRISACNOR4,110
1,2017-11-24,2,TRPL4,10,TRAN PAULIST,PN,,R$,62.2,63.68,61.88,63.12,63.0,62.96,63.0,1545,305400,19279126.0,0.0,0,9999-12-31,1,0.0,BRTRPLACNPR1,167
1,2017-11-24,2,TRPN3,10,TARPON INV,ON,,R$,3.6,3.6,3.6,3.6,3.6,3.58,3.6,10,2600,9360.0,0.0,0,9999-12-31,1,0.0,BRTRPNACNOR0,115
1,2017-11-24,2,TUPY3,10,TUPY,ON,,R$,18.05,18.39,17.77,18.08,18.06,17.95,18.06,1083,208200,3764423.0,0.0,0,9999-12-31,1,0.0,BRTUPYACNOR1,169
1,2017-11-24,2,TXRX4,10,TEX RENAUX,PN,,R$,2.68,2.68,2.68,2.68,2.68,2.22,2.5,2,200,536.0,0.0,0,9999-12-31,1,0.0,BRTXRXACNPR0,142
1,2017-11-24,2,UCAS3,10,UNICASA,ON,,R$,2.45,2.46,2.41,2.44,2.46,2.41,2.46,54,101900,248891.0,0.0,0,9999-12-31,1,0.0,BRUCASACNOR1,105
1,2017-11-24,2,UGPA3,10,ULTRAPAR,ON,,R$,73.4,73.4,72.42,72.66,72.44,72.44,72.64,2665,489400,35561617.0,0.0,0,9999-12-31,1,0.0,BRUGPAACNOR8,140
1,2017-11-24,2,UNIP3,10,UNIPAR,ON,,R$,17.01,17.25,17.0,17.03,17.06,17.06,17.24,9,3900,66424.0,0.0,0,9999-12-31,1,0.0,BRUNIPACNOR7,186
1,2017-11-24,2,UNIP6,10,UNIPAR,PN,,R$,17.49,17.49,17.15,17.35,17.15,17.15,17.34,129,53200,923070.0,0.0,0,9999-12-31,1,0.0,BRUNIPACNPB8,186
1,2017-11-24,2,USIM3,10,USIMINAS,ON,,R$,11.03,11.16,11.0,11.1,11.16,11.1,11.24,10,1700,18870.0,0.0,0,9999-12-31,1,0.0,BRUSIMACNOR3,155
1,2017-11-24,2,USIM5,10,USIMINAS,PN,,R$,9.29,9.36,9.12,9.22,9.18,9.18,9.19,8265,10392600,95878593.0,0.0,0,9999-12-31,1,0.0,BRUSIMACNPA6,157
1,2017-11-24,2,VALE3,10,VALE,ON,,R$,35.18,35.85,35.11,35.64,35.79,35.6,35.79,34484,30784900,1097478069.0,0.0,0,9999-12-31,1,0.0,BRVALEACNOR0,194
1,2017-11-24,2,VALE5,10,VALE,PN,,R$,32.8,33.43,32.74,33.28,33.36,33.36,33.37,4977,5496000,182925408.0,0.0,0,9999-12-31,1,0.0,BRVALEACNPA3,195
1,2017-11-24,2,VIVT3,10,TELEF BRASIL,ON,,R$,40.2,40.68,40.2,40.23,40.36,40.36,40.62,22,22400,901223.0,0.0,0,9999-12-31,1,0.0,BRVIVTACNOR0,138
1,2017-11-24,2,VIVT4,10,TELEF BRASIL,PN,,R$,48.93,49.27,48.45,48.8,48.45,48.45,48.53,5082,877800,42839462.0,0.0,0,9999-12-31,1,0.0,BRVIVTACNPR7,138
1,2017-11-24,2,VLID3,10,VALID,ON,,R$,17.43,17.99,16.82,17.28,16.91,16.9,16.91,4210,1027500,17756026.0,0.0,0,9999-12-31,1,0.0,BRVLIDACNOR5,130
1,2017-11-24,2,VULC3,10,VULCABRAS,ON,,R$,9.45,9.45,9.33,9.38,9.35,9.35,9.37,1008,606300,5687214.0,0.0,0,9999-12-31,1,0.0,BRVULCACNOR2,149
1,2017-11-24,2,VVAR3,10,VIAVAREJO,ON,,R$,7.67,7.79,7.6,7.74,7.7,7.7,7.76,119,15000,116200.0,0.0,0,9999-12-31,1,0.0,BRVVARACNOR1,107
1,2017-11-24,2,VVAR4,10,VIAVAREJO,PN,,R$,7.21,7.44,7.16,7.35,7.4,7.25,7.43,142,34500,253581.0,0.0,0,9999-12-31,1,0.0,BRVVARACNPR8,103
1,2017-11-24,2,WEGE3,10,WEG,ON,,R$,23.4,23.43,22.95,23.06,23.0,23.0,23.05,4104,804500,18555094.0,0.0,0,9999-12-31,1,0.0,BRWEGEACNOR0,181
1,2017-11-24,2,WHRL3,10,WHIRLPOOL,ON,,R$,4.85,4.97,4.75,4.77,4.75,4.75,4.9,6,1400,6682.0,0.0,0,9999-12-31,1,0.0,BRWHRLACNOR5,120
1,2017-11-24,2,WHRL4,10,WHIRLPOOL,PN,,R$,5.22,5.22,5.15,5.16,5.15,5.06,5.15,4,1300,6709.0,0.0,0,9999-12-31,1,0.0,BRWHRLACNPR2,120
1,2017-11-24,2,WIZS3,10,WIZ S.A.,ON,,R$,12.95,13.15,12.08,12.47,12.5,12.5,12.51,4470,1302800,16249346.0,0.0,0,9999-12-31,1,0.0,BRWIZSACNOR1,102
1,2017-11-24,2,WLMM4,10,WLM IND COM,PN,,R$,5.24,5.37,5.11,5.23,5.37,5.18,5.37,8,2600,13620.0,0.0,0,9999-12-31,1,0.0,BRWLMMACNPR3,100
